,High,Moderate,None,Slight
High,1.0,0.0,0.0,0.0
Moderate,0.0,1.0,0.0,0.0
None,0.0,0.0,1.0,0.0
Slight,0.0,0.0,0.16666666666666666,0.8333333333333334
